,seg,cluster,learn,total
0,0.41842310600077326,0.02156667000053858,0.06868308899902331,0.5086728650003352
